"system_id","static_id"
31000005,34369
31000005,34370
31000007,30668
31000008,30668
31000009,30668
31000010,30668
31000011,30668
31000012,30668
31000013,30668
31000014,30668
31000015,30668
31000016,30668
31000017,30668
31000018,30668
31000019,30668
31000020,30668
31000021,30668
31000022,30668
31000023,30668
31000024,30668
31000025,30668
31000026,30668
31000027,30668
31000028,30668
31000029,30668
31000030,30668
31000031,30668
31000032,30668
31000033,30668
31000034,30668
31000035,30667
31000036,30667
31000037,30667
31000038,30667
31000039,30667
31000040,30667
31000041,30667
31000042,30667
31000043,30667
31000044,30667
31000045,30667
31000046,30667
31000047,30667
31000048,30667
31000049,30667
31000050,30667
31000051,30667
31000052,30667
31000053,30667
31000054,30667
31000055,30667
31000056,30667
31000057,30667
31000058,30667
31000059,30667
31000060,30667
31000061,30667
31000062,30667
31000063,30667
31000064,30667
31000065,30667
31000066,30667
31000067,30667
31000068,30667
31000069,30667
31000070,30667
31000071,30667
31000072,30667
31000073,30667
31000074,30667
31000075,30667
31000076,30667
31000077,30667
31000078,30667
31000079,30667
31000080,30667
31000081,30667
31000082,30667
31000083,30667
31000084,30667
31000085,30667
31000086,30667
31000087,30667
31000088,30667
31000089,30667
31000090,30667
31000091,30667
31000092,30667
31000093,30667
31000094,30667
31000095,30667
31000096,30667
31000097,30667
31000098,30667
31000099,30667
31000100,30667
31000101,30667
31000102,30667
31000103,30667
31000104,30667
31000105,30667
31000106,30667
31000107,30667
31000108,30667
31000109,30667
31000110,30667
31000111,30667
31000112,30667
31000113,30667
31000114,30667
31000115,30667
31000116,30667
31000117,30667
31000118,30667
31000119,30667
31000120,30667
31000121,30667
31000122,30667
31000123,30667
31000124,30667
31000125,30667
31000126,30667
31000127,30667
31000128,30667
31000129,30667
31000130,30667
31000131,30667
31000132,30667
31000133,30667
31000134,30667
31000135,30667
31000136,30667
31000137,30667
31000138,30667
31000139,30667
31000140,30666
31000141,30666
31000142,30666
31000143,30666
31000144,30666
31000145,30666
31000146,30666
31000147,30666
31000148,30666
31000149,30666
31000150,30666
31000151,30666
31000152,30666
31000153,30666
31000154,30666
31000155,30666
31000156,30666
31000157,30666
31000158,30666
31000159,30666
31000160,30666
31000161,30666
31000162,30666
31000163,30666
31000164,30666
31000165,30666
31000166,30666
31000167,30666
31000168,30666
31000169,30666
31000170,30666
31000171,30666
31000172,30666
31000173,30666
31000174,30666
31000175,30666
31000176,30666
31000177,30666
31000178,30666
31000179,30666
31000180,30666
31000181,30666
31000182,30666
31000183,30666
31000184,30666
31000185,30666
31000186,30666
31000187,30666
31000188,30666
31000189,30666
31000190,30666
31000191,30666
31000192,30666
31000193,30666
31000194,30666
31000195,30666
31000196,30666
31000197,30666
31000198,30666
31000199,30666
31000200,30666
31000201,30666
31000202,30666
31000203,30666
31000204,30666
31000205,30666
31000206,30666
31000207,30666
31000208,30666
31000209,30666
31000210,30666
31000211,30666
31000212,30666
31000213,30666
31000214,30666
31000215,30666
31000216,30666
31000217,30666
31000218,30666
31000219,30666
31000220,30666
31000221,30666
31000222,30666
31000223,30666
31000224,30666
31000225,30666
31000226,30666
31000227,30666
31000228,30666
31000229,30666
31000230,30666
31000231,30666
31000232,30666
31000233,30666
31000234,30666
31000235,30666
31000236,30666
31000237,30666
31000238,30666
31000239,30666
31000240,30666
31000241,30666
31000242,30666
31000243,30666
31000244,30666
31000245,30666
31000246,30666
31000247,30666
31000248,30666
31000249,30666
31000250,30666
31000251,30666
31000252,30666
31000253,30666
31000254,30666
31000255,30666
31000256,30666
31000257,30666
31000258,30666
31000259,30666
31000260,30666
31000261,30666
31000262,30666
31000263,30666
31000264,30666
31000265,30666
31000266,30666
31000267,30666
31000268,30666
31000269,30666
31000270,30666
31000271,30666
31000272,30666
31000273,30666
31000274,30666
31000275,30666
31000276,30666
31000277,30666
31000278,30666
31000279,30666
31000280,30666
31000281,30666
31000282,30666
31000283,30666
31000284,30666
31000285,30666
31000286,30666
31000287,30666
31000288,30666
31000289,30666
31000290,30666
31000291,30666
31000292,30666
31000293,30666
31000294,30666
31000295,30666
31000296,30666
31000297,30666
31000298,30666
31000299,30666
31000300,30666
31000301,30666
31000302,30666
31000303,30666
31000304,30666
31000305,30666
31000306,30666
31000307,30666
31000308,30666
31000309,30666
31000310,30666
31000311,30666
31000312,30666
31000313,30666
31000314,30666
31000315,30666
31000316,30666
31000317,30666
31000318,30666
31000319,30666
31000320,30666
31000321,30666
31000322,30666
31000323,30666
31000324,30666
31000325,30666
31000326,30666
31000327,30666
31000328,30666
31000329,30666
31000330,30666
31000331,30666
31000332,30666
31000333,30666
31000334,30666
31000335,30666
31000336,30666
31000337,30666
31000338,30666
31000339,30666
31000340,30666
31000341,30666
31000342,30666
31000343,30666
31000344,30666
31000345,30666
31000346,30666
31000347,30666
31000348,30666
31000349,30666
31000350,30666
31000351,30666
31000352,30666
31000353,30666
31000354,30666
31000355,30673
31000355,30677
31000356,30673
31000356,30677
31000357,30673
31000357,30677
31000358,30673
31000358,30677
31000359,30673
31000359,30677
31000360,30673
31000360,30677
31000361,30673
31000361,30677
31000362,30673
31000362,30677
31000363,30673
31000363,30677
31000364,30673
31000364,30677
31000365,30673
31000365,30677
31000366,30673
31000366,30677
31000367,30673
31000367,30677
31000368,30673
31000368,30677
31000369,30673
31000369,30677
31000370,30673
31000370,30677
31000371,30673
31000371,30677
31000372,30673
31000372,30677
31000373,30673
31000373,30677
31000374,30673
31000374,30677
31000375,30673
31000375,30677
31000376,30673
31000376,30677
31000377,30673
31000377,30677
31000378,30673
31000378,30677
31000379,30673
31000379,30677
31000380,30673
31000380,30677
31000381,30673
31000381,30677
31000382,30673
31000382,30677
31000383,30673
31000383,30677
31000384,30673
31000384,30677
31000385,30673
31000385,30677
31000386,30673
31000386,30677
31000387,30673
31000387,30677
31000388,30673
31000388,30677
31000389,30673
31000389,30677
31000390,30673
31000390,30677
31000391,30673
31000391,30677
31000392,30673
31000392,30677
31000393,30673
31000393,30677
31000394,30673
31000394,30677
31000395,30673
31000395,30677
31000396,30673
31000396,30677
31000397,30673
31000397,30677
31000398,30673
31000398,30677
31000399,30673
31000399,30677
31000400,30673
31000400,30677
31000401,30673
31000401,30677
31000402,30673
31000402,30677
31000403,30673
31000403,30677
31000404,30673
31000404,30677
31000405,30673
31000405,30677
31000406,30673
31000406,30677
31000407,30673
31000407,30677
31000408,30673
31000408,30677
31000409,30673
31000409,30677
31000410,30673
31000410,30677
31000411,30673
31000411,30677
31000412,30673
31000412,30677
31000413,30673
31000413,30677
31000414,30673
31000414,30677
31000415,30673
31000415,30677
31000416,30673
31000416,30677
31000417,30673
31000417,30677
31000418,30673
31000418,30677
31000419,30673
31000419,30677
31000420,30673
31000420,30677
31000421,30673
31000421,30677
31000422,30673
31000422,30677
31000423,30673
31000423,30677
31000424,30673
31000424,30677
31000425,30673
31000425,30677
31000426,30673
31000426,30677
31000427,30673
31000427,30677
31000428,30673
31000428,30677
31000429,30673
31000429,30677
31000430,30673
31000430,30677
31000431,30673
31000431,30677
31000432,30673
31000432,30677
31000433,30673
31000433,30677
31000434,30673
31000434,30677
31000435,30673
31000435,30677
31000436,30673
31000436,30677
31000437,30673
31000437,30677
31000438,30673
31000438,30677
31000439,30673
31000439,30677
31000440,30673
31000440,30677
31000441,30673
31000441,30677
31000442,30673
31000442,30677
31000443,30673
31000443,30677
31000444,30673
31000444,30677
31000445,30673
31000445,30677
31000446,30673
31000446,30677
31000447,30673
31000447,30677
31000448,30673
31000448,30677
31000449,30673
31000449,30677
31000450,30673
31000450,30677
31000451,30673
31000451,30677
31000452,30673
31000452,30677
31000453,30673
31000453,30677
31000454,30673
31000454,30677
31000455,30673
31000455,30677
31000456,30673
31000456,30677
31000457,30673
31000457,30677
31000458,30673
31000458,30677
31000459,30674
31000459,30677
31000460,30674
31000460,30677
31000461,30674
31000461,30677
31000462,30674
31000462,30677
31000463,30674
31000463,30677
31000464,30674
31000464,30677
31000465,30674
31000465,30677
31000466,30674
31000466,30677
31000467,30674
31000467,30677
31000468,30674
31000468,30677
31000469,30674
31000469,30677
31000470,30674
31000470,30677
31000471,30674
31000471,30677
31000472,30674
31000472,30677
31000473,30674
31000473,30677
31000474,30674
31000474,30677
31000475,30674
31000475,30677
31000476,30674
31000476,30677
31000477,30674
31000477,30677
31000478,30674
31000478,30677
31000479,30674
31000479,30677
31000480,30674
31000480,30677
31000481,30674
31000481,30677
31000482,30674
31000482,30677
31000483,30674
31000483,30677
31000484,30674
31000484,30677
31000485,30674
31000485,30677
31000486,30674
31000486,30677
31000487,30674
31000487,30677
31000488,30674
31000488,30677
31000489,30674
31000489,30677
31000490,30674
31000490,30677
31000491,30674
31000491,30677
31000492,30674
31000492,30677
31000493,30674
31000493,30677
31000494,30674
31000494,30677
31000495,30674
31000495,30677
31000496,30674
31000496,30677
31000497,30674
31000497,30677
31000498,30674
31000498,30677
31000499,30674
31000499,30677
31000500,30674
31000500,30677
31000501,30674
31000501,30677
31000502,30674
31000502,30677
31000503,30674
31000503,30677
31000504,30674
31000504,30677
31000505,30674
31000505,30677
31000506,30674
31000506,30677
31000507,30674
31000507,30677
31000508,30674
31000508,30677
31000509,30674
31000509,30677
31000510,30674
31000510,30677
31000511,30674
31000511,30677
31000512,30674
31000512,30677
31000513,30674
31000513,30677
31000514,30674
31000514,30677
31000515,30674
31000515,30677
31000516,30674
31000516,30677
31000517,30674
31000517,30677
31000518,30674
31000518,30677
31000519,30674
31000519,30677
31000520,30674
31000520,30677
31000521,30674
31000521,30677
31000522,30674
31000522,30677
31000523,30674
31000523,30677
31000524,30674
31000524,30677
31000525,30674
31000525,30677
31000526,30674
31000526,30677
31000527,30674
31000527,30677
31000528,30674
31000528,30677
31000529,30674
31000529,30677
31000530,30674
31000530,30677
31000531,30674
31000531,30677
31000532,30674
31000532,30677
31000533,30674
31000533,30677
31000534,30674
31000534,30677
31000535,30674
31000535,30677
31000536,30674
31000536,30677
31000537,30674
31000537,30677
31000538,30674
31000538,30677
31000539,30674
31000539,30677
31000540,30674
31000540,30677
31000541,30674
31000541,30677
31000542,30674
31000542,30677
31000543,30674
31000543,30677
31000544,30674
31000544,30677
31000545,30674
31000545,30677
31000546,30674
31000546,30677
31000547,30674
31000547,30677
31000548,30674
31000548,30677
31000549,30674
31000549,30677
31000550,30674
31000550,30677
31000551,30674
31000551,30677
31000552,30674
31000552,30677
31000553,30674
31000553,30677
31000554,30674
31000554,30677
31000555,30674
31000555,30677
31000556,30674
31000556,30677
31000557,30674
31000557,30677
31000558,30674
31000558,30677
31000559,30674
31000559,30677
31000560,30674
31000560,30677
31000561,30672
31000561,30678
31000562,30672
31000562,30678
31000563,30672
31000563,30678
31000564,30672
31000564,30678
31000565,30672
31000565,30678
31000566,30672
31000566,30678
31000567,30672
31000567,30678
31000568,30672
31000568,30678
31000569,30672
31000569,30678
31000570,30672
31000570,30678
31000571,30672
31000571,30678
31000572,30672
31000572,30678
31000573,30672
31000573,30678
31000574,30672
31000574,30678
31000575,30672
31000575,30678
31000576,30672
31000576,30678
31000577,30672
31000577,30678
31000578,30672
31000578,30678
31000579,30672
31000579,30678
31000580,30672
31000580,30678
31000581,30672
31000581,30678
31000582,30672
31000582,30678
31000583,30672
31000583,30678
31000584,30672
31000584,30678
31000585,30672
31000585,30678
31000586,30672
31000586,30678
31000587,30672
31000587,30678
31000588,30672
31000588,30678
31000589,30672
31000589,30678
31000590,30672
31000590,30678
31000591,30672
31000591,30678
31000592,30672
31000592,30678
31000593,30672
31000593,30678
31000594,30672
31000594,30678
31000595,30672
31000595,30678
31000596,30672
31000596,30678
31000597,30672
31000597,30678
31000598,30672
31000598,30678
31000599,30672
31000599,30678
31000600,30672
31000600,30678
31000601,30672
31000601,30678
31000602,30672
31000602,30678
31000603,30672
31000603,30678
31000604,30672
31000604,30678
31000605,30672
31000605,30678
31000606,30672
31000606,30678
31000607,30672
31000607,30678
31000608,30672
31000608,30678
31000609,30672
31000609,30678
31000610,30672
31000610,30678
31000611,30672
31000611,30678
31000612,30672
31000612,30678
31000613,30672
31000613,30678
31000614,30672
31000614,30678
31000615,30672
31000615,30678
31000616,30672
31000616,30678
31000617,30672
31000617,30678
31000618,30672
31000618,30678
31000619,30672
31000619,30678
31000620,30672
31000620,30678
31000621,30672
31000621,30678
31000622,30672
31000622,30678
31000623,30672
31000623,30678
31000624,30672
31000624,30678
31000625,30672
31000625,30678
31000626,30672
31000626,30678
31000627,30672
31000627,30678
31000628,30672
31000628,30678
31000629,30672
31000629,30678
31000630,30672
31000630,30678
31000631,30672
31000631,30678
31000632,30672
31000632,30678
31000633,30672
31000633,30678
31000634,30672
31000634,30678
31000635,30672
31000635,30678
31000636,30672
31000636,30678
31000637,30672
31000637,30678
31000638,30672
31000638,30678
31000639,30672
31000639,30678
31000640,30672
31000640,30678
31000641,30672
31000641,30678
31000642,30672
31000642,30678
31000643,30672
31000643,30678
31000644,30672
31000644,30678
31000645,30672
31000645,30678
31000646,30672
31000646,30678
31000647,30672
31000647,30678
31000648,30672
31000648,30678
31000649,30672
31000649,30678
31000650,30672
31000650,30678
31000651,30672
31000651,30678
31000652,30672
31000652,30678
31000653,30672
31000653,30678
31000654,30672
31000654,30678
31000655,30672
31000655,30678
31000656,30672
31000656,30678
31000657,30672
31000657,30678
31000658,30672
31000658,30678
31000659,30672
31000659,30678
31000660,30672
31000660,30678
31000661,30672
31000661,30678
31000662,30672
31000662,30678
31000663,30672
31000663,30678
31000664,30672
31000664,30678
31000665,30672
31000665,30678
31000666,30672
31000666,30678
31000667,30672
31000667,30678
31000668,30672
31000668,30678
31000669,30672
31000669,30678
31000670,30672
31000670,30678
31000671,30672
31000671,30678
31000672,30672
31000672,30678
31000673,30672
31000673,30678
31000674,30672
31000674,30678
31000675,30672
31000675,30678
31000676,30672
31000676,30678
31000677,30672
31000677,30678
31000678,30672
31000678,30678
31000679,30672
31000679,30678
31000680,30672
31000680,30678
31000681,30672
31000681,30678
31000682,30672
31000682,30678
31000683,30672
31000683,30678
31000684,30672
31000684,30678
31000685,30672
31000685,30678
31000686,30672
31000686,30678
31000687,30672
31000687,30678
31000688,30672
31000688,30678
31000689,30672
31000689,30678
31000690,30672
31000690,30678
31000691,30672
31000691,30678
31000692,30672
31000692,30678
31000693,30672
31000693,30678
31000694,30672
31000694,30678
31000695,30672
31000695,30678
31000696,30672
31000696,30678
31000697,30672
31000697,30678
31000698,30672
31000698,30678
31000699,30672
31000699,30678
31000700,30672
31000700,30678
31000701,30672
31000701,30678
31000702,30675
31000702,30679
31000703,30675
31000703,30679
31000704,30675
31000704,30679
31000705,30675
31000705,30679
31000706,30675
31000706,30679
31000707,30675
31000707,30679
31000708,30675
31000708,30679
31000709,30675
31000709,30679
31000710,30675
31000710,30679
31000711,30675
31000711,30679
31000712,30675
31000712,30679
31000713,30675
31000713,30679
31000714,30675
31000714,30679
31000715,30675
31000715,30679
31000716,30675
31000716,30679
31000717,30675
31000717,30679
31000718,30675
31000718,30679
31000719,30675
31000719,30679
31000720,30675
31000720,30679
31000721,30675
31000721,30679
31000722,30675
31000722,30679
31000723,30675
31000723,30679
31000724,30675
31000724,30679
31000725,30675
31000725,30679
31000726,30675
31000726,30679
31000727,30675
31000727,30679
31000728,30675
31000728,30679
31000729,30675
31000729,30679
31000730,30675
31000730,30679
31000731,30675
31000731,30679
31000732,30675
31000732,30679
31000733,30675
31000733,30679
31000734,30675
31000734,30679
31000735,30675
31000735,30679
31000736,30675
31000736,30679
31000737,30675
31000737,30679
31000738,30675
31000738,30679
31000739,30675
31000739,30679
31000740,30675
31000740,30679
31000741,30675
31000741,30679
31000742,30676
31000742,30679
31000743,30676
31000743,30679
31000744,30676
31000744,30679
31000745,30676
31000745,30679
31000746,30676
31000746,30679
31000747,30676
31000747,30679
31000748,30676
31000748,30679
31000749,30676
31000749,30679
31000750,30676
31000750,30679
31000751,30676
31000751,30679
31000752,30671
31000752,30677
31000753,30671
31000753,30677
31000754,30671
31000754,30677
31000755,30671
31000755,30677
31000756,30671
31000756,30677
31000757,30671
31000757,30677
31000758,30671
31000758,30677
31000759,30671
31000759,30677
31000760,30671
31000760,30677
31000761,30671
31000761,30677
31000762,30671
31000762,30677
31000763,30671
31000763,30677
31000764,30671
31000764,30677
31000765,30671
31000765,30677
31000766,30671
31000766,30677
31000767,30671
31000767,30677
31000768,30671
31000768,30677
31000769,30671
31000769,30677
31000770,30671
31000770,30677
31000771,30671
31000771,30677
31000772,30671
31000772,30677
31000773,30671
31000773,30677
31000774,30671
31000774,30677
31000775,30671
31000775,30677
31000776,30671
31000776,30677
31000777,30671
31000777,30677
31000778,30671
31000778,30677
31000779,30671
31000779,30677
31000780,30671
31000780,30677
31000781,30671
31000781,30677
31000782,30671
31000782,30677
31000783,30671
31000783,30677
31000784,30671
31000784,30677
31000785,30671
31000785,30677
31000786,30671
31000786,30677
31000787,30671
31000787,30677
31000788,30671
31000788,30677
31000789,30671
31000789,30677
31000790,30671
31000790,30677
31000791,30671
31000791,30677
31000792,30671
31000792,30677
31000793,30671
31000793,30677
31000794,30671
31000794,30677
31000795,30671
31000795,30677
31000796,30671
31000796,30677
31000797,30671
31000797,30677
31000798,30671
31000798,30677
31000799,30671
31000799,30677
31000800,30671
31000800,30677
31000801,30671
31000801,30677
31000802,30671
31000802,30677
31000803,30671
31000803,30677
31000804,30671
31000804,30677
31000805,30671
31000805,30677
31000806,30671
31000806,30677
31000807,30671
31000807,30677
31000808,30671
31000808,30677
31000809,30671
31000809,30677
31000810,30671
31000810,30677
31000811,30671
31000811,30677
31000812,30671
31000812,30677
31000813,30671
31000813,30677
31000814,30671
31000814,30677
31000815,30671
31000815,30677
31000816,30671
31000816,30677
31000817,30671
31000817,30677
31000818,30671
31000818,30677
31000819,30671
31000819,30677
31000820,30671
31000820,30677
31000821,30671
31000821,30677
31000822,30671
31000822,30677
31000823,30671
31000823,30677
31000824,30671
31000824,30677
31000825,30671
31000825,30677
31000826,30671
31000826,30677
31000827,30671
31000827,30677
31000828,30671
31000828,30677
31000829,30671
31000829,30677
31000830,30671
31000830,30677
31000831,30671
31000831,30677
31000832,30671
31000832,30677
31000833,30671
31000833,30677
31000834,30671
31000834,30677
31000835,30671
31000835,30677
31000836,30671
31000836,30677
31000837,30671
31000837,30677
31000838,30671
31000838,30677
31000839,30671
31000839,30677
31000840,30671
31000840,30677
31000841,30671
31000841,30677
31000842,30671
31000842,30677
31000843,30671
31000843,30677
31000844,30671
31000844,30677
31000845,30671
31000845,30677
31000846,30671
31000846,30677
31000847,30671
31000847,30677
31000848,30671
31000848,30677
31000849,30671
31000849,30677
31000850,30671
31000850,30677
31000851,30671
31000851,30677
31000852,30671
31000852,30677
31000853,30671
31000853,30677
31000854,30671
31000854,30677
31000855,30671
31000855,30677
31000856,30671
31000856,30677
31000857,30671
31000857,30677
31000858,30671
31000858,30677
31000859,30671
31000859,30677
31000860,30671
31000860,30677
31000861,30671
31000861,30677
31000862,30671
31000862,30677
31000863,30671
31000863,30677
31000864,30671
31000864,30677
31000865,30671
31000865,30677
31000866,30671
31000866,30677
31000867,30671
31000867,30677
31000868,30671
31000868,30677
31000869,30671
31000869,30677
31000870,30671
31000870,30677
31000871,30671
31000871,30677
31000872,30671
31000872,30677
31000873,30671
31000873,30677
31000874,30671
31000874,30677
31000875,30671
31000875,30677
31000876,30671
31000876,30677
31000877,30671
31000877,30677
31000878,30671
31000878,30677
31000879,30671
31000879,30677
31000880,30687
31000881,30687
31000882,30687
31000883,30687
31000884,30687
31000885,30687
31000886,30687
31000887,30687
31000888,30687
31000889,30687
31000890,30687
31000891,30687
31000892,30687
31000893,30687
31000894,30687
31000895,30687
31000896,30687
31000897,30687
31000898,30687
31000899,30687
31000900,30687
31000901,30687
31000902,30687
31000903,30687
31000904,30687
31000905,30687
31000906,30687
31000907,30687
31000908,30687
31000909,30687
31000910,30687
31000911,30687
31000912,30687
31000913,30687
31000914,30687
31000915,30687
31000916,30687
31000917,30687
31000918,30687
31000919,30687
31000920,30687
31000921,30687
31000922,30687
31000923,30687
31000924,30687
31000925,30687
31000926,30687
31000927,30687
31000928,30687
31000929,30687
31000930,30687
31000931,30687
31000932,30687
31000933,30687
31000934,30687
31000935,30687
31000936,30687
31000937,30687
31000938,30687
31000939,30687
31000940,30687
31000941,30687
31000942,30687
31000943,30687
31000944,30687
31000945,30687
31000946,30687
31000947,30687
31000948,30687
31000949,30687
31000950,30687
31000951,30687
31000952,30687
31000953,30687
31000954,30687
31000955,30687
31000956,30687
31000957,30687
31000958,30687
31000959,30687
31000960,30687
31000961,30687
31000962,30687
31000963,30687
31000964,30687
31000965,30687
31000966,30687
31000967,30687
31000968,30687
31000969,30687
31000970,30687
31000971,30687
31000972,30687
31000973,30687
31000974,30687
31000975,30687
31000976,30687
31000977,30687
31000978,30687
31000979,30687
31000980,30687
31000981,30687
31000982,30687
31000983,30687
31000984,30687
31000985,30687
31000986,30687
31000987,30687
31000988,30687
31000989,30687
31000990,30687
31000991,30687
31000992,30687
31000993,30687
31000994,30687
31000995,30687
31000996,30687
31000997,30687
31000998,30687
31000999,30687
31001000,30687
31001001,30687
31001002,30687
31001003,30687
31001004,30687
31001005,30687
31001006,30687
31001007,30687
31001008,30687
31001009,30687
31001010,30687
31001011,30687
31001012,30687
31001013,30687
31001014,30687
31001015,30687
31001016,30687
31001017,30687
31001018,30687
31001019,30687
31001020,30687
31001021,30687
31001022,30687
31001023,30687
31001024,30687
31001025,30687
31001026,30687
31001027,30687
31001028,30687
31001029,30687
31001030,30687
31001031,30687
31001032,30687
31001033,30687
31001034,30687
31001035,30687
31001036,30687
31001037,30687
31001038,30687
31001039,30687
31001040,30687
31001041,30687
31001042,30687
31001043,30687
31001044,30687
31001045,30687
31001046,30687
31001047,30687
31001048,30687
31001049,30687
31001050,30687
31001051,30687
31001052,30687
31001053,30687
31001054,30687
31001055,30687
31001056,30687
31001057,30687
31001058,30687
31001059,30687
31001060,30687
31001061,30687
31001062,30687
31001063,30687
31001064,30687
31001065,30687
31001066,30687
31001067,30687
31001068,30687
31001069,30687
31001070,30687
31001071,30687
31001072,30687
31001073,30695
31001074,30695
31001075,30695
31001076,30695
31001077,30695
31001078,30695
31001079,30695
31001080,30695
31001081,30695
31001082,30695
31001083,30695
31001084,30695
31001085,30695
31001086,30695
31001087,30695
31001088,30695
31001089,30695
31001090,30695
31001091,30695
31001092,30695
31001093,30695
31001094,30695
31001095,30695
31001096,30695
31001097,30695
31001098,30695
31001099,30695
31001100,30695
31001101,30695
31001102,30695
31001103,30695
31001104,30695
31001105,30695
31001106,30695
31001107,30695
31001108,30695
31001109,30695
31001110,30695
31001111,30695
31001112,30695
31001113,30695
31001114,30695
31001115,30695
31001116,30695
31001117,30695
31001118,30695
31001119,30695
31001120,30695
31001121,30695
31001122,30695
31001123,30695
31001124,30695
31001125,30695
31001126,30695
31001127,30695
31001128,30695
31001129,30695
31001130,30695
31001131,30695
31001132,30695
31001133,30695
31001134,30695
31001135,30695
31001136,30695
31001137,30695
31001138,30695
31001139,30695
31001140,30695
31001141,30695
31001142,30695
31001143,30695
31001144,30695
31001145,30695
31001146,30695
31001147,30695
31001148,30695
31001149,30695
31001150,30695
31001151,30695
31001152,30695
31001153,30695
31001154,30695
31001155,30695
31001156,30695
31001157,30695
31001158,30695
31001159,30695
31001160,30695
31001161,30695
31001162,30695
31001163,30695
31001164,30695
31001165,30695
31001166,30695
31001167,30695
31001168,30695
31001169,30695
31001170,30695
31001171,30695
31001172,30695
31001173,30695
31001174,30695
31001175,30695
31001176,30695
31001177,30695
31001178,30687
31001179,30687
31001180,30687
31001181,30687
31001182,30687
31001183,30687
31001184,30687
31001185,30687
31001186,30687
31001187,30687
31001188,30687
31001189,30687
31001190,30687
31001191,30687
31001192,30687
31001193,30687
31001194,30687
31001195,30687
31001196,30687
31001197,30687
31001198,30687
31001199,30687
31001200,30687
31001201,30687
31001202,30687
31001203,30687
31001204,30687
31001205,30687
31001206,30687
31001207,30687
31001208,30687
31001209,30687
31001210,30687
31001211,30687
31001212,30687
31001213,30687
31001214,30687
31001215,30687
31001216,30687
31001217,30687
31001218,30687
31001219,30687
31001220,30687
31001221,30688
31001222,30688
31001223,30688
31001224,30688
31001225,30688
31001226,30688
31001227,30688
31001228,30688
31001229,30688
31001230,30688
31001231,30688
31001232,30688
31001233,30688
31001234,30688
31001235,30688
31001236,30688
31001237,30688
31001238,30688
31001239,30688
31001240,30688
31001241,30688
31001242,30688
31001243,30688
31001244,30688
31001245,30688
31001246,30688
31001247,30688
31001248,30688
31001249,30688
31001250,30688
31001251,30688
31001252,30688
31001253,30688
31001254,30688
31001255,30688
31001256,30688
31001257,30688
31001258,30688
31001259,30688
31001260,30688
31001261,30688
31001262,30688
31001263,30688
31001264,30688
31001265,30688
31001266,30688
31001267,30688
31001268,30688
31001269,30688
31001270,30688
31001271,30688
31001272,30688
31001273,30688
31001274,30688
31001275,30688
31001276,30688
31001277,30688
31001278,30688
31001279,30688
31001280,30688
31001281,30688
31001282,30688
31001283,30688
31001284,30688
31001285,30688
31001286,30688
31001287,30688
31001288,30688
31001289,30688
31001290,30688
31001291,30688
31001292,30688
31001293,30688
31001294,30688
31001295,30688
31001296,30688
31001297,30688
31001298,30688
31001299,30688
31001300,30688
31001301,30688
31001302,30688
31001303,30688
31001304,30688
31001305,30688
31001306,30688
31001307,30688
31001308,30688
31001309,30688
31001310,30688
31001311,30688
31001312,30688
31001313,30688
31001314,30688
31001315,30688
31001316,30688
31001317,30687
31001318,30687
31001319,30687
31001320,30687
31001321,30687
31001322,30687
31001323,30687
31001324,30687
31001325,30687
31001326,30687
31001327,30687
31001328,30687
31001329,30687
31001330,30687
31001331,30687
31001332,30687
31001333,30687
31001334,30687
31001335,30687
31001336,30687
31001337,30687
31001338,30687
31001339,30687
31001340,30687
31001341,30687
31001342,30687
31001343,30687
31001344,30687
31001345,30687
31001346,30687
31001347,30687
31001348,30687
31001349,30687
31001350,30687
31001351,30687
31001352,30687
31001353,30687
31001354,30687
31001355,30687
31001356,30687
31001357,30687
31001358,30687
31001359,30687
31001360,30687
31001361,30687
31001362,30687
31001363,30687
31001364,30687
31001365,30687
31001366,30687
31001367,30687
31001368,30687
31001369,30687
31001370,30687
31001371,30687
31001372,30687
31001373,30687
31001374,30687
31001375,30690
31001375,30692
31001376,30690
31001376,30692
31001377,30690
31001377,30692
31001378,30690
31001378,30692
31001379,30690
31001379,30692
31001380,30690
31001380,30692
31001381,30690
31001381,30692
31001382,30690
31001382,30692
31001383,30690
31001383,30692
31001384,30690
31001384,30692
31001385,30690
31001385,30692
31001386,30690
31001386,30692
31001387,30690
31001387,30692
31001388,30690
31001388,30692
31001389,30690
31001389,30692
31001390,30690
31001390,30692
31001391,30690
31001391,30692
31001392,30690
31001392,30692
31001393,30690
31001393,30692
31001394,30690
31001394,30692
31001395,30690
31001395,30692
31001396,30689
31001396,30690
31001397,30689
31001397,30690
31001398,30689
31001398,30690
31001399,30689
31001399,30690
31001400,30689
31001400,30690
31001401,30689
31001401,30690
31001402,30689
31001402,30690
31001403,30690
31001403,30693
31001404,30690
31001404,30693
31001405,30690
31001405,30693
31001406,30690
31001406,30693
31001407,30690
31001407,30693
31001408,30690
31001408,30693
31001409,30690
31001409,30693
31001410,30690
31001410,30693
31001411,30690
31001411,30693
31001412,30690
31001412,30693
31001413,30690
31001413,30693
31001414,30690
31001414,30693
31001415,30690
31001415,30693
31001416,30690
31001416,30693
31001417,30690
31001417,30691
31001418,30690
31001418,30691
31001419,30690
31001419,30691
31001420,30690
31001420,30691
31001421,30690
31001421,30691
31001422,30690
31001422,30691
31001423,30690
31001423,30693
31001424,30690
31001424,30693
31001425,30690
31001425,30693
31001426,30690
31001426,30693
31001427,30690
31001427,30693
31001428,30690
31001428,30693
31001429,30690
31001429,30691
31001430,30690
31001430,30691
31001431,30690
31001431,30691
31001432,30690
31001432,30691
31001433,30690
31001433,30691
31001434,30690
31001434,30691
31001435,30693
31001435,30694
31001436,30693
31001436,30694
31001437,30693
31001437,30694
31001438,30693
31001438,30694
31001439,30693
31001439,30694
31001440,30693
31001440,30694
31001441,30691
31001441,30694
31001442,30691
31001442,30694
31001443,30691
31001443,30694
31001444,30691
31001444,30694
31001445,30691
31001445,30694
31001446,30691
31001446,30694
31001447,30691
31001447,30694
31001448,30693
31001448,30694
31001449,30693
31001449,30694
31001450,30693
31001450,30694
31001451,30693
31001451,30694
31001452,30693
31001452,30694
31001453,30693
31001453,30694
31001454,30692
31001454,30694
31001455,30692
31001455,30694
31001456,30692
31001456,30694
31001457,30692
31001457,30694
31001458,30692
31001458,30694
31001459,30692
31001459,30694
31001460,30689
31001460,30691
31001461,30689
31001461,30691
31001462,30689
31001462,30691
31001463,30689
31001463,30691
31001464,30689
31001464,30691
31001465,30689
31001465,30691
31001466,30689
31001466,30690
31001467,30689
31001467,30690
31001468,30689
31001468,30690
31001469,30689
31001469,30690
31001470,30689
31001470,30690
31001471,30689
31001471,30690
31001472,30689
31001472,30693
31001473,30689
31001473,30693
31001474,30689
31001474,30693
31001475,30689
31001475,30693
31001476,30689
31001476,30693
31001477,30689
31001477,30693
31001478,30689
31001478,30693
31001479,30689
31001479,30692
31001480,30689
31001480,30692
31001481,30689
31001481,30692
31001482,30689
31001482,30692
31001483,30689
31001483,30692
31001484,30689
31001484,30692
31001485,30689
31001485,30692
31001486,30689
31001486,30690
31001487,30689
31001487,30690
31001488,30689
31001488,30690
31001489,30689
31001489,30690
31001490,30689
31001490,30690
31001491,30689
31001491,30690
31001492,30689
31001492,30690
31001493,30689
31001493,30692
31001494,30689
31001494,30692
31001495,30689
31001495,30692
31001496,30689
31001496,30692
31001497,30689
31001497,30692
31001498,30689
31001498,30692
31001499,30689
31001499,30692
31001500,30689
31001500,30691
31001501,30689
31001501,30691
31001502,30689
31001502,30691
31001503,30689
31001503,30691
31001504,30689
31001504,30691
31001505,30689
31001505,30691
31001506,30690
31001506,30692
31001507,30690
31001507,30692
31001508,30690
31001508,30692
31001509,30690
31001509,30692
31001510,30690
31001510,30692
31001511,30690
31001511,30692
31001512,30690
31001512,30692
31001513,30689
31001513,30692
31001514,30689
31001514,30692
31001515,30689
31001515,30692
31001516,30689
31001516,30692
31001517,30689
31001517,30692
31001518,30689
31001518,30692
31001519,30689
31001519,30692
31001520,30691
31001520,30692
31001521,30691
31001521,30692
31001522,30691
31001522,30692
31001523,30691
31001523,30692
31001524,30691
31001524,30692
31001525,30691
31001525,30692
31001526,30691
31001526,30692
31001527,30691
31001527,30692
31001528,30691
31001528,30692
31001529,30691
31001529,30692
31001530,30691
31001530,30692
31001531,30691
31001531,30692
31001532,30691
31001532,30692
31001533,30691
31001533,30692
31001534,30691
31001534,30692
31001535,30691
31001535,30692
31001536,30691
31001536,30692
31001537,30691
31001537,30692
31001538,30691
31001538,30692
31001539,30691
31001539,30692
31001540,30692
31001540,30694
31001541,30692
31001541,30694
31001542,30692
31001542,30694
31001543,30692
31001543,30694
31001544,30692
31001544,30694
31001545,30692
31001545,30694
31001546,30692
31001546,30694
31001547,30692
31001547,30693
31001548,30692
31001548,30693
31001549,30692
31001549,30693
31001550,30692
31001550,30693
31001551,30692
31001551,30693
31001552,30692
31001552,30693
31001553,30692
31001553,30693
31001554,30692
31001554,30693
31001555,30692
31001555,30693
31001556,30692
31001556,30693
31001557,30692
31001557,30693
31001558,30692
31001558,30693
31001559,30692
31001559,30693
31001560,30692
31001560,30693
31001561,30692
31001561,30693
31001562,30692
31001562,30693
31001563,30692
31001563,30693
31001564,30692
31001564,30693
31001565,30692
31001565,30693
31001566,30692
31001566,30694
31001567,30692
31001567,30694
31001568,30692
31001568,30694
31001569,30692
31001569,30694
31001570,30692
31001570,30694
31001571,30692
31001571,30694
31001572,30692
31001572,30694
31001573,30691
31001573,30692
31001574,30691
31001574,30692
31001575,30691
31001575,30692
31001576,30691
31001576,30692
31001577,30691
31001577,30692
31001578,30691
31001578,30692
31001579,30691
31001579,30692
31001580,30691
31001580,30692
31001581,30691
31001581,30692
31001582,30691
31001582,30692
31001583,30691
31001583,30692
31001584,30691
31001584,30692
31001585,30691
31001585,30692
31001586,30692
31001586,30693
31001587,30692
31001587,30693
31001588,30692
31001588,30693
31001589,30692
31001589,30693
31001590,30692
31001590,30693
31001591,30692
31001591,30693
31001592,30692
31001592,30693
31001593,30692
31001593,30693
31001594,30692
31001594,30693
31001595,30692
31001595,30693
31001596,30692
31001596,30693
31001597,30692
31001597,30693
31001598,30692
31001598,30693
31001599,30692
31001599,30693
31001600,30690
31001600,30692
31001601,30690
31001601,30692
31001602,30690
31001602,30692
31001603,30690
31001603,30692
31001604,30690
31001604,30692
31001605,30690
31001605,30692
31001606,30692
31001606,30693
31001607,30692
31001607,30693
31001608,30692
31001608,30693
31001609,30692
31001609,30693
31001610,30692
31001610,30693
31001611,30692
31001611,30693
31001612,30690
31001612,30692
31001613,30690
31001613,30692
31001614,30690
31001614,30692
31001615,30690
31001615,30692
31001616,30690
31001616,30692
31001617,30690
31001617,30692
31001618,30690
31001618,30692
31001619,30690
31001619,30692
31001620,30690
31001620,30692
31001621,30690
31001621,30692
31001622,30690
31001622,30692
31001623,30690
31001623,30692
31001624,30690
31001624,30692
31001625,30691
31001625,30692
31001626,30691
31001626,30692
31001627,30691
31001627,30692
31001628,30691
31001628,30692
31001629,30691
31001629,30692
31001630,30691
31001630,30692
31001631,30690
31001631,30692
31001632,30690
31001632,30692
31001633,30690
31001633,30692
31001634,30690
31001634,30692
31001635,30690
31001635,30692
31001636,30690
31001636,30692
31001637,30690
31001637,30692
31001638,30689
31001638,30692
31001639,30689
31001639,30692
31001640,30689
31001640,30692
31001641,30689
31001641,30692
31001642,30689
31001642,30692
31001643,30689
31001643,30692
31001644,30691
31001644,30692
31001645,30691
31001645,30692
31001646,30691
31001646,30692
31001647,30691
31001647,30692
31001648,30691
31001648,30692
31001649,30691
31001649,30692
31001650,30691
31001650,30692
31001651,30691
31001651,30692
31001652,30691
31001652,30692
31001653,30691
31001653,30692
31001654,30691
31001654,30692
31001655,30691
31001655,30692
31001656,30691
31001656,30692
31001657,30689
31001657,30691
31001658,30689
31001658,30691
31001659,30689
31001659,30691
31001660,30689
31001660,30691
31001661,30689
31001661,30691
31001662,30689
31001662,30691
31001663,30691
31001663,30693
31001664,30691
31001664,30693
31001665,30691
31001665,30693
31001666,30691
31001666,30693
31001667,30691
31001667,30693
31001668,30691
31001668,30693
31001669,30691
31001669,30693
31001670,30690
31001670,30691
31001671,30690
31001671,30691
31001672,30690
31001672,30691
31001673,30690
31001673,30691
31001674,30690
31001674,30691
31001675,30690
31001675,30691
31001676,30690
31001676,30691
31001677,30690
31001677,30691
31001678,30690
31001678,30691
31001679,30690
31001679,30691
31001680,30690
31001680,30691
31001681,30690
31001681,30691
31001682,30690
31001682,30691
31001683,30691
31001683,30692
31001684,30691
31001684,30692
31001685,30691
31001685,30692
31001686,30691
31001686,30692
31001687,30691
31001687,30692
31001688,30691
31001688,30692
31001689,30691
31001689,30692
31001690,30691
31001690,30692
31001691,30691
31001691,30692
31001692,30691
31001692,30692
31001693,30691
31001693,30692
31001694,30691
31001694,30692
31001695,30690
31001695,30691
31001696,30690
31001696,30691
31001697,30690
31001697,30691
31001698,30690
31001698,30691
31001699,30690
31001699,30691
31001700,30690
31001700,30691
31001701,30691
31001701,30693
31001702,30691
31001702,30693
31001703,30691
31001703,30693
31001704,30691
31001704,30693
31001705,30691
31001705,30693
31001706,30691
31001706,30693
31001707,30691
31001707,30693
31001708,30691
31001708,30693
31001709,30691
31001709,30693
31001710,30691
31001710,30693
31001711,30691
31001711,30693
31001712,30691
31001712,30693
31001713,30689
31001713,30691
31001714,30689
31001714,30691
31001715,30689
31001715,30691
31001716,30689
31001716,30691
31001717,30689
31001717,30691
31001718,30689
31001718,30691
31001719,30689
31001719,30691
31001720,30691
31001720,30692
31001721,30691
31001721,30692
31001722,30691
31001722,30692
31001723,30691
31001723,30692
31001724,30691
31001724,30692
31001725,30691
31001725,30692
31001726,30691
31001726,30692
31001727,30691
31001727,30692
31001728,30691
31001728,30692
31001729,30691
31001729,30692
31001730,30691
31001730,30692
31001731,30691
31001731,30692
31001732,30691
31001732,30692
31001733,30691
31001733,30692
31001734,30691
31001734,30693
31001735,30691
31001735,30693
31001736,30691
31001736,30693
31001737,30691
31001737,30693
31001738,30691
31001738,30693
31001739,30691
31001739,30693
31001740,30691
31001740,30693
31001741,30691
31001741,30693
31001742,30691
31001742,30693
31001743,30691
31001743,30693
31001744,30691
31001744,30693
31001745,30691
31001745,30693
31001746,30691
31001746,30693
31001747,30691
31001747,30693
31001748,30691
31001748,30693
31001749,30691
31001749,30693
31001750,30691
31001750,30693
31001751,30691
31001751,30693
31001752,30691
31001752,30693
31001753,30691
31001753,30694
31001754,30691
31001754,30694
31001755,30691
31001755,30694
31001756,30691
31001756,30694
31001757,30691
31001757,30694
31001758,30691
31001758,30694
31001759,30690
31001759,30691
31001760,30690
31001760,30691
31001761,30690
31001761,30691
31001762,30690
31001762,30691
31001763,30690
31001763,30691
31001764,30690
31001764,30691
31001765,30691
31001765,30693
31001766,30691
31001766,30693
31001767,30691
31001767,30693
31001768,30691
31001768,30693
31001769,30691
31001769,30693
31001770,30691
31001770,30693
31001771,30692
31001771,30693
31001772,30692
31001772,30693
31001773,30692
31001773,30693
31001774,30692
31001774,30693
31001775,30692
31001775,30693
31001776,30692
31001776,30693
31001777,30691
31001777,30693
31001778,30691
31001778,30693
31001779,30691
31001779,30693
31001780,30691
31001780,30693
31001781,30691
31001781,30693
31001782,30691
31001782,30693
31001783,30692
31001783,30693
31001784,30692
31001784,30693
31001785,30692
31001785,30693
31001786,30692
31001786,30693
31001787,30692
31001787,30693
31001788,30692
31001788,30693
31001789,30690
31001789,30693
31001790,30690
31001790,30693
31001791,30690
31001791,30693
31001792,30690
31001792,30693
31001793,30690
31001793,30693
31001794,30690
31001794,30693
31001795,30691
31001795,30693
31001796,30691
31001796,30693
31001797,30691
31001797,30693
31001798,30691
31001798,30693
31001799,30691
31001799,30693
31001800,30691
31001800,30693
31001801,30691
31001801,30693
31001802,30691
31001802,30693
31001803,30691
31001803,30693
31001804,30691
31001804,30693
31001805,30691
31001805,30693
31001806,30691
31001806,30693
31001807,30692
31001807,30693
31001808,30692
31001808,30693
31001809,30692
31001809,30693
31001810,30692
31001810,30693
31001811,30692
31001811,30693
31001812,30692
31001812,30693
31001813,30692
31001813,30693
31001814,30690
31001814,30693
31001815,30690
31001815,30693
31001816,30690
31001816,30693
31001817,30690
31001817,30693
31001818,30690
31001818,30693
31001819,30690
31001819,30693
31001820,30692
31001820,30693
31001821,30692
31001821,30693
31001822,30692
31001822,30693
31001823,30692
31001823,30693
31001824,30692
31001824,30693
31001825,30692
31001825,30693
31001826,30691
31001826,30693
31001827,30691
31001827,30693
31001828,30691
31001828,30693
31001829,30691
31001829,30693
31001830,30691
31001830,30693
31001831,30691
31001831,30693
31001832,30691
31001832,30693
31001833,30690
31001833,30693
31001834,30690
31001834,30693
31001835,30690
31001835,30693
31001836,30690
31001836,30693
31001837,30690
31001837,30693
31001838,30690
31001838,30693
31001839,30690
31001839,30693
31001840,30689
31001840,30693
31001841,30689
31001841,30693
31001842,30689
31001842,30693
31001843,30689
31001843,30693
31001844,30689
31001844,30693
31001845,30689
31001845,30693
31001846,30693
31001846,30694
31001847,30693
31001847,30694
31001848,30693
31001848,30694
31001849,30693
31001849,30694
31001850,30693
31001850,30694
31001851,30693
31001851,30694
31001852,30691
31001852,30692
31001853,30691
31001853,30692
31001854,30691
31001854,30692
31001855,30691
31001855,30692
31001856,30691
31001856,30692
31001857,30691
31001857,30692
31001858,30690
31001858,30691
31001859,30690
31001859,30691
31001860,30690
31001860,30691
31001861,30690
31001861,30691
31001862,30690
31001862,30691
31001863,30690
31001863,30691
31001864,30691
31001864,30692
31001865,30691
31001865,30692
31001866,30691
31001866,30692
31001867,30691
31001867,30692
31001868,30691
31001868,30692
31001869,30691
31001869,30692
31001870,30691
31001870,30692
31001871,30691
31001871,30692
31001872,30691
31001872,30692
31001873,30691
31001873,30692
31001874,30691
31001874,30692
31001875,30691
31001875,30692
31001876,30691
31001876,30692
31001877,30689
31001877,30691
31001878,30689
31001878,30691
31001879,30689
31001879,30691
31001880,30702
31001881,30702
31001882,30702
31001883,30702
31001884,30702
31001885,30702
31001886,30702
31001887,30702
31001888,30702
31001889,30698
31001890,30698
31001891,30698
31001892,30698
31001893,30698
31001894,30698
31001895,30698
31001896,30698
31001897,30698
31001898,30699
31001899,30699
31001900,30699
31001901,30699
31001902,30699
31001903,30699
31001904,30699
31001905,30699
31001906,30699
31001907,30699
31001908,30699
31001909,30699
31001910,30699
31001911,30699
31001912,30699
31001913,30699
31001914,30702
31001915,30702
31001916,30702
31001917,30702
31001918,30702
31001919,30702
31001920,30699
31001921,30699
31001922,30699
31001923,30699
31001924,30699
31001925,30699
31001926,30699
31001927,30699
31001928,30699
31001929,30699
31001930,30699
31001931,30699
31001932,30699
31001933,30699
31001934,30698
31001935,30698
31001936,30698
31001937,30698
31001938,30698
31001939,30698
31001940,30698
31001941,30698
31001942,30698
31001943,30702
31001944,30702
31001945,30702
31001946,30702
31001947,30702
31001948,30702
31001949,30702
31001950,30702
31001951,30702
31001952,30702
31001953,30702
31001954,30702
31001955,30702
31001956,30702
31001957,30702
31001958,30702
31001959,30702
31001960,30702
31001961,30702
31001962,30702
31001963,30702
31001964,30702
31001965,30702
31001966,30702
31001967,30702
31001968,30702
31001969,30702
31001970,30702
31001971,30702
31001972,30702
31001973,30702
31001974,30702
31001975,30702
31001976,30702
31001977,30702
31001978,30702
31001979,30702
31001980,30702
31001981,30702
31001982,30702
31001983,30702
31001984,30702
31001985,30702
31001986,30702
31001987,30702
31001988,30702
31001989,30702
31001990,30702
31001991,30702
31001992,30702
31001993,30702
31001994,30702
31001995,30702
31001996,30702
31001997,30702
31001998,30702
31001999,30702
31002000,30702
31002001,30702
31002002,30702
31002003,30702
31002004,30702
31002005,30702
31002006,30702
31002007,30702
31002008,30702
31002009,30702
31002010,30702
31002011,30702
31002012,30702
31002013,30702
31002014,30702
31002015,30702
31002016,30702
31002017,30702
31002018,30702
31002019,30702
31002020,30702
31002021,30702
31002022,30702
31002023,30702
31002024,30702
31002025,30702
31002026,30702
31002027,30702
31002028,30702
31002029,30702
31002030,30702
31002031,30702
31002032,30702
31002033,30702
31002034,30702
31002035,30702
31002036,30702
31002037,30702
31002038,30702
31002039,30702
31002040,30702
31002041,30702
31002042,30702
31002043,30702
31002044,30702
31002045,30702
31002046,30702
31002047,30702
31002048,30702
31002049,30702
31002050,30702
31002051,30702
31002052,30702
31002053,30702
31002054,30702
31002055,30702
31002056,30702
31002057,30702
31002058,30702
31002059,30702
31002060,30702
31002061,30703
31002062,30703
31002063,30703
31002064,30703
31002065,30703
31002066,30703
31002067,30703
31002068,30703
31002069,30703
31002070,30703
31002071,30703
31002072,30703
31002073,30703
31002074,30703
31002075,30703
31002076,30703
31002077,30703
31002078,30703
31002079,30703
31002080,30703
31002081,30703
31002082,30703
31002083,30703
31002084,30703
31002085,30703
31002086,30703
31002087,30703
31002088,30703
31002089,30703
31002090,30703
31002091,30703
31002092,30703
31002093,30703
31002094,30703
31002095,30703
31002096,30703
31002097,30703
31002098,30703
31002099,30703
31002100,30703
31002101,30703
31002102,30703
31002103,30703
31002104,30703
31002105,30703
31002106,30703
31002107,30703
31002108,30703
31002109,30703
31002110,30703
31002111,30703
31002112,30703
31002113,30703
31002114,30703
31002115,30703
31002116,30703
31002117,30703
31002118,30703
31002119,30703
31002120,30703
31002121,30703
31002122,30703
31002123,30703
31002124,30703
31002125,30703
31002126,30700
31002127,30700
31002128,30700
31002129,30700
31002130,30700
31002131,30700
31002132,30700
31002133,30700
31002134,30700
31002135,30700
31002136,30700
31002137,30700
31002138,30700
31002139,30700
31002140,30700
31002141,30700
31002142,30700
31002143,30700
31002144,30700
31002145,30700
31002146,30700
31002147,30700
31002148,30700
31002149,30700
31002150,30700
31002151,30700
31002152,30700
31002153,30700
31002154,30700
31002155,30700
31002156,30700
31002157,30700
31002158,30700
31002159,30700
31002160,30700
31002161,30700
31002162,30700
31002163,30700
31002164,30700
31002165,30700
31002166,30700
31002167,30700
31002168,30700
31002169,30700
31002170,30700
31002171,30700
31002172,30700
31002173,30700
31002174,30700
31002175,30700
31002176,30700
31002177,30700
31002178,30700
31002179,30700
31002180,30700
31002181,30700
31002182,30700
31002183,30700
31002184,30700
31002185,30700
31002186,30700
31002187,30700
31002188,30700
31002189,30700
31002190,30700
31002191,30700
31002192,30700
31002193,30700
31002194,30702
31002195,30702
31002196,30702
31002197,30702
31002198,30702
31002199,30702
31002200,30702
31002201,30702
31002202,30702
31002203,30702
31002204,30702
31002205,30702
31002206,30702
31002207,30702
31002208,30702
31002209,30702
31002210,30702
31002211,30702
31002212,30702
31002213,30702
31002214,30702
31002215,30702
31002216,30702
31002217,30702
31002218,30702
31002219,30702
31002220,30702
31002221,30702
31002222,30702
31002223,30702
31002224,30702
31002225,30702
31002226,30702
31002227,30702
31002228,30702
31002229,30702
31002230,30702
31002231,30702
31002232,30702
31002233,30702
31002234,30702
31002235,30702
31002236,30702
31002237,30702
31002238,30702
31002239,30702
31002240,30702
31002241,30702
31002242,30702
31002243,30702
31002244,30702
31002245,30702
31002246,30702
31002247,30702
31002248,30702
31002249,30702
31002250,30702
31002251,30702
31002252,30702
31002253,30702
31002254,30702
31002255,30702
31002256,30702
31002257,30702
31002258,30702
31002259,30702
31002260,30702
31002261,30702
31002262,30702
31002263,30702
31002264,30702
31002265,30702
31002266,30702
31002267,30702
31002268,30702
31002269,30702
31002270,30702
31002271,30702
31002272,30702
31002273,30702
31002274,30702
31002275,30702
31002276,30702
31002277,30702
31002278,30702
31002279,30702
31002280,30702
31002281,30702
31002282,30702
31002283,30701
31002284,30701
31002285,30701
31002286,30701
31002287,30701
31002288,30701
31002289,30701
31002290,30701
31002291,30701
31002292,30701
31002293,30701
31002294,30701
31002295,30701
31002296,30701
31002297,30701
31002298,30701
31002299,30701
31002300,30701
31002301,30701
31002302,30701
31002303,30701
31002304,30701
31002305,30701
31002306,30701
31002307,30701
31002308,30701
31002309,30701
31002310,30701
31002311,30701
31002312,30701
31002313,30701
31002314,30701
31002315,30701
31002316,30701
31002317,30701
31002318,30701
31002319,30701
31002320,30701
31002321,30701
31002322,30701
31002323,30701
31002324,30701
31002325,30701
31002326,30701
31002327,30701
31002328,30701
31002329,30701
31002330,30701
31002331,30701
31002332,30701
31002333,30701
31002334,30701
31002335,30701
31002336,30701
31002337,30701
31002338,30701
31002339,30701
31002340,30701
31002341,30701
31002342,30701
31002343,30701
31002344,30701
31002345,30701
31002346,30701
31002347,30701
31002348,30701
31002349,30701
31002350,30701
31002351,30701
31002352,30701
31002353,30701
31002354,30701
31002355,30701
31002356,30701
31002357,30701
31002358,30701
31002359,30701
31002360,30701
31002361,30701
31002362,30701
31002363,30701
31002364,30701
31002365,30701
31002366,30701
31002367,30708
31002368,30708
31002369,30708
31002370,30708
31002371,30708
31002372,30708
31002373,30708
31002374,30712
31002375,30712
31002376,30712
31002377,30712
31002378,30712
31002379,30712
31002380,30711
31002381,30711
31002382,30711
31002383,30711
31002384,30711
31002385,30711
31002386,30711
31002387,30711
31002388,30711
31002389,30709
31002390,30709
31002391,30709
31002392,30709
31002393,30709
31002394,30709
31002395,30709
31002396,30709
31002397,30707
31002398,30707
31002399,30707
31002400,30707
31002401,30707
31002402,30707
31002403,30710
31002404,30710
31002405,30710
31002406,30710
31002407,30710
31002408,30710
31002409,30710
31002410,30710
31002411,30712
31002412,30712
31002413,30712
31002414,30712
31002415,30712
31002416,30712
31002417,30709
31002418,30709
31002419,30709
31002420,30709
31002421,30709
31002422,30709
31002423,30709
31002424,30709
31002425,30709
31002426,30710
31002427,30710
31002428,30710
31002429,30710
31002430,30710
31002431,30710
31002432,30710
31002433,30710
31002434,30710
31002435,30711
31002436,30711
31002437,30711
31002438,30711
31002439,30711
31002440,30711
31002441,30711
31002442,30711
31002443,30711
31002444,30711
31002445,30711
31002446,30711
31002447,30711
31002448,30711
31002449,30711
31002450,30711
31002451,30711
31002452,30711
31002453,30711
31002454,30711
31002455,30711
31002456,30711
31002457,30711
31002458,30711
31002459,30711
31002460,30711
31002461,30711
31002462,30711
31002463,30711
31002464,30711
31002465,30711
31002466,30711
31002467,30711
31002468,30711
31002469,30711
31002470,30711
31002471,30701
31002472,30702
31002473,30701
31002474,30711
31002475,30701
31002476,30703
31002477,30701
31002478,30711
31002479,30702
31002480,30701
31002481,30702
31002482,30702
31002483,30699
31002484,30711
31002485,30702
31002486,30698
31002487,30712
31002488,30702
31002489,30712
31002490,30700
31002491,30702
31002492,30711
31002493,30703
31002494,30702
31002495,30711
31002496,30702
31002497,30701
31002498,30711
31002499,30700
31002500,30698
31002501,30703
31002502,30711
31002503,30702
31002504,30700
31002505,30666
31002505,30668
31002515,30673
31002515,30677
31002516,30673
31002516,30677
31002517,30673
31002517,30677
31002518,30673
31002518,30677
31002519,30673
31002519,30677
31002520,30673
31002520,30677
31002521,30673
31002521,30677
31002522,30673
31002522,30677
31002523,30673
31002523,30677
31002524,30673
31002524,30677
31002525,30673
31002525,30677
31002526,30673
31002526,30677
31002527,30687
31002528,30687
31002529,30687
31002530,30687
31002531,30687
31002532,30687
31002533,30687
31002534,30687
31002535,30687
31002536,30687
31002537,30687
